Index,Name and CAS Number,NDS mg/m^3,NDSCh mg/m^3,NDSP mg/m^3,Number of fibers in cm^3,Comments
1,"Acetaldehyd  
[75-07-0]",–,-,45,-,-
2,"Acetanilid  
– frakcja wdychalna4)
 
[103-84-4]",6,-,-,-,-
3,"Acetofenon 
[98-86-2]",50,100,-,-,-
4,"Aceton 
[67-64-1]",600,1800,-,-,-
5,"Acetonitryl 
[75-05-8]",70,140,-,-,skóra
6,"Adypinian bis(2-etyloheksylu) 
[103-23-1]",400,-,-,-,-
7,"Akrylaldehyd 
[107-02-8]","0,05","0,1",-,-,skóra
8,"Akrylamid 
[79-06-1]","0,07",-,-,-,skóra
9,"Akrylan butylu 
[141-32-2]",11,30,-,-,-
10,"Akrylan 2-etyloheksylu 
[103-11-7]",35,70,-,-,skóra
11,"Akrylan etylu 
[140-88-5]",20,40,-,-,skóra
12,"Akrylan hydroksypropylu – mieszanina 
izomerów  
[25584-83-2]","2,8",6,-,-,skóra
13,"Akrylan 2-hydroksypropylu 
[999-61-1]","2,8",6,-,-,skóra
14,"Akrylan 2-hydroksy-1-metyloetylu 
[2918-23-2]","2,8",6,-,-,skóra
15,"Akrylan metylu 
[96-33-3]",14,28,-,-,skóra
16,"Akrylonitryl 
[107-13-1]",2,10,-,-,skóra
17,"5) – 
 Aldryna
rel-(1R,4S,4aS,5S,8R,8aR)-
1,2,3,4,10,10-heksachloro-
1,4,4a,5,8,8a-heksahydro-1,4:5,8-
dimetanonaftalen  
[309-00-2]","0,01","0,08",-,-,skóra
18,"Alfa-cypermetryna  
4)
– frakcja wdychalna
,  
mieszanina izomerów:  
(1S,3S)-3-(2,2-dichlorowinylo)-2,2-
dimetylocyklopropano-karboksylan(R)-
cyjano-(3-fenoksyfenylo)metylu;  
(1R,3R)-3-(2,2-dichlorowinylo)-2,2-
dimetylocyklopropano-karboksylan(S)-
cyjano-(3-fenoksyfenylo)metylu 
[67375-30-8]",1,-,-,-,-
19,"Amidosiarczan(VI)amonu  
– frakcja wdychalna4)
 
[7773-06-0]",10,-,-,-,-
20,"2-Aminoetanol 
[141-43-5]","2,5","7,5",-,-,skóra
21,"4-Aminofenol  
– frakcja wdychalna4) 
[123-30-8]",5,-,-,-,-
22,"3-Amino-1,2,4-triazol (amitrol) 
[61-82-5]","0,15",-,-,-,-
23,"N,N'-bis(2-aminoetylo)etylenodiamina 
[112-24-3]",1,3,-,-,skóra
24,"Amoniak 
[7664-41-7]",14,28,-,-,-
25,"Anilina 
[62-53-3]","1,9","3,8",-,-,skóra
26,"Antymon [7440-36-0] i jego związki 
nieorganiczne, z wyjątkiem stibanu -  
w przeliczeniu na Sb","0,5",-,-,-,-
27,"Apatyty i fosforyty 
- frakcja wdychalna4) 
- frakcja respirabilna6),7)","6
 
2","-
 
-","-
 
-","-
 
-","-
 
-"
28,"Arsan 
[7784-42-1]","0,02",-,-,-,-
29,"Arsen [7440-38-2] i jego związki 
nieorganiczne - w przeliczeniu na As","0,01",-,-,-,-
30,"Asfalt naftowy - frakcja wdychalna4)
 
[8052-42-4]",5,10,-,-,-
31,"Atrazyna –  
2-chloro-4-etyloamino-6-izo-
propyloamino-1,3,5-triazyna 
[1912-24-9]",5,-,-,-,-
32,"Azbest (jeden lub więcej rodzajów 
azbestu wymienionych poniżej): 
- aktynolit [77536-66-4] 
- antofilit [77536-67-5] 
- chryzotyl [12001-29-5; 
132207-32-0] 
- amozyt [12172-73-5] 
- krokidolit [12001-28-4] 
- tremolit [77536-68-6] 
- włókna respirabilne8)",-,-,-,"0,1",-
33,"Azirydyna  
[151-56-4]","0,62",-,-,-,skóra
34,"Azotan 2-etyloheksylu 
[27247-96-7]","3,5",7,-,-,-
35,"Azotan(V) propylu  
[627-13-4]",30,100,-,-,-
36,"Azydek sodu 
[26628-22-8]","0,1","0,3",-,-,skóra
37,"Bar [7440-39-3] i jego związki 
rozpuszczalne - w przeliczeniu na Ba","0,5",-,-,-,-
38,"Benzaldehyd  
[100-52-7]",10,40,-,-,-
39,"Benzen 
[71-43-2]","1,6",-,-,-,skóra
40,"Benzenotiol 
[108-98-5]",2,-,-,-,skóra
41,"Benzo[a]piren 
[50-32-8]","0,002",-,-,-,-
42,"p-Benzochinon 
[106-51-4]","0,1","0,4",-,-,-
43,"Benzotiazol 
[95-16-9]",20,-,-,-,skóra
44,"Benzydyna 
[92-87-5]",0,0,-,-,skóra
45,"Benzyna: 
 a) ekstrakcyjna9)  
[8032-32-4; 8006-61-9; 
64742-49-0; 93763-33-8; 101316-56-7] 
 b) do lakierów 
[8052-41-3;64742-82-1; 
64741-92-0; 64742-48-9]","500 
300","1500 
900","- 
-","- 
-","- 
-"
46,"Beryl [7440-41-7] i jego związki 
nieorganiczne - w przeliczeniu na Be","0,0002",-,-,-,-
47,"Bezwodnik ftalowy – pary i frakcja 
wdychalna4)
  
[85-44-9]",1,2,-,-,-
48,"Bezwodnik maleinowy 
[108-31-6]","0,5",1,-,-,skóra
49,"Bezwodnik octowy 
[108-24-7]",12,24,–,-,-
50,"Bezwodnik trimelitowy  
[552-30-7]","0,04","0,08",–,-,-
51,"Bicyklo[4.4.0]dekan 
[91-17-8]",100,300,-,-,-
52,"Bifenyl  
[92-52-4]",1,2,-,-,skóra
53,"Bifenylo-4-amina 
[92-67-1]","0,001",-,-,-,-
54,"2,2-Bis(4-hydroksyfenylo)propan  
4)
(Bisfenol A) – frakcja wdychalna
 
[80-05-7]",2,-,-,-,-
55,"Brom 
[7726-95-6]","0,7","1,4",-,-,-
56,"Bromfenwinfos - fosforan(V) 
2-bromo-1-(2,4-dichlorofenylo) 
winylo-dietylu 
[33399-00-7]","0,01",-,-,-,skóra
57,"Bromochlorometan 
[74-97-5]",1000,1300,-,-,-
58,"2-Bromo-2-chloro-1,1,1-trifluoroetan 
[151-67-7]",40,100,-,-,-
59,"Bromoetan  
[74-96-4]",50,100,-,-,skóra
60,"Bromoeten  
[593-60-2]","0,4",–,–,-,-
61,"Bromoform 
[75-25-2]",5,-,-,-,skóra
62,"Bromometan 
[74-83-9]",5,15,-,-,skóra
63,"1-Bromopropan 
[106-94-5]",42,-,-,-,-
64,"Bromowodór 
[10035-10-6]",-,-,"6,5",-,-
65,"Buta-1,3-dien 
[106-99-0]","4,4",-,-,-,-
66,"Butan  
[106-97-8]",1900,3000,-,-,-
67,"Butan-2-ol  
[78-92-2]",300,450,,-,-
68,"Butan-1-ol  
[71-36-3]",50,150,-,-,skóra
69,"Butan-2-on 
[78-93-3]",450,900,-,-,skóra
70,"Butano-2,3-dion (diacetyl)  
[431-03-8]","0,07","0,36",-,-,-
71,"Butano-1-tiol  
[109-79-5]",1,2,-,-,-
72,"But-2-enal – mieszanina izomerów 
[4170-30-3]  
(E)-but-2-enal[123-73-9] 
(Z)-but-2-enal[15798-64-8]",1,2,-,-,skóra
73,"1-Butoksy-2,3-epoksypropan 
[2426-08-6]",30,60,-,-,-
74,"2-Butoksyetanol  
[111-76-2]",98,200,-,-,skóra
75,"2-(2-Butoksyetoksy)etanol 
[112-34-5]",67,100,-,-,-
76,"Butyloamina 
[109-73-9]",-,-,10,-,skóra
77,"4-tert-Butylotoluen  
[98-51-1]",30,-,-,-,skóra
78,"But-2-yno-1,4-diol  
[110-65-6]","0,25","0,5",–,-,skóra
79,"Cement portlandzki [65997-15-1]  
- frakcja wdychalna4) 
- frakcja respirabilna6), 7)","6
 
2","-
 
-","-
 
-",-,-
80,"Chlor 
[7782-50-5]","0,7","1,5",-,-,-
81,"Chlorek allilu 
[107-05-1]",2,-,-,-,-
82,"Chlorek amonu – pary i frakcja 
wdychalna4) 
[12125-02-9]",10,20,-,-,-
83,"Chlorek benzoilu  
[98-88-4]",–,–,"2,8",-,-
84,"Chlorek chloroacetylu 
[79-04-9]","0,2","0,6",-,-,skóra
85,"Chlorek tionylu  
[7719-09-7]","1,8","3,6",–,-,-
86,"Chlorfenwinfos –  
fosforan(V) 2-chloro-1-(2,4-
dichlorofenylo)winylo-dietylu 
[470-90-6]","0,01","0,1",-,-,skóra
87,"Chloroacetaldehyd 
[107-20-0]",1,3,-,-,-
88,"Chloroaceton 
[78-95-5]",-,-,4,-,skóra
89,"2-Chloroanilina  
[95-51-2]",3,10,-,-,skóra
90,"3-Chloroanilina  
[108-42-9]",3,10,-,-,skóra
91,"4-Chloroanilina  
[106-47-8]",3,10,-,-,skóra
92,"Chlorobenzen 
[108-90-7]",23,70,-,-,-
93,"2-Chlorobuta-1,3-dien  
[126-99-8]",2,6,-,-,-
94,"Chlorodifluorometan  
[75-45-6]",3000,-,-,-,-
95,"Chlorodinitrobenzen - mieszanina 
izomerów 
[25567-67-3]",1,3,-,-,-
96,"1-Chloro-2,3-epoksypropan  
[106-89-8]",1,-,-,-,skóra
97,"1-Chloro-4-nitrobenzen 
[100-00-5]","0,6",-,-,-,skóra
98,"Chloroetan 
[75-00-3]",200,-,-,-,skóra
99,"2-Chloroetanol  
[107-07-3]",1,3,-,-,skóra
100,"Chloroeten  
[75-01-4]",5,30,-,-,-
101,"4-Chlorofenol 
[106-48-9]","0,5","1,5",-,-,skóra
102,"Chloromekwatu chlorek 
[999-81-5]",15,-,-,-,skóra
103,"Chloro(fenylo)metan  
[100-44-7]",3,9,–,-,skóra
104,"Chloroform 
[67-66-3]",8,-,-,-,skóra
105,"Chlorometan 
[74-87-3]",20,-,-,-,-
106,"Chloronitrobenzen - mieszanina 
izomerów 
[25167-93-5]",1,3,-,-,-
107,"4-Chloro-3-metylofenol  
– frakcja wdychalna4) 
[59-50-7]",5,-,-,-,-
108,"1-Chloro-1-nitropropan 
[600-25-9]",10,-,-,-,-
109,"Chlorooctan metylu 
[96-34-4]",5,10,-,-,skóra
110,"Chloropiryfos – tiofosforan(V) O,O-
dietylo-O-3,5,6-trichloro-2-pirydylu 
[2921-88-2]","0,2","0,6",-,-,skóra
111,"4-Chlorostyren  
[1073-67-2]",50,400,-,-,-
112,"2-Chlorotoluen  
[95-49-8]",100,250,-,-,-
113,"Chlorowodór 
[7647-01-0]",5,10,-,-,-
114,"Chrom metaliczny [7440-47-3] 
Związki chromu(II) -  
w przeliczeniu na Cr(II) 
Związki chromu(III) -  
w przeliczeniu na Cr(III)","0,5",-,-,-,-
115,"Cyjanamid 
[420-04-2]","0,9","1,8",-,-,skóra
116,"Cyjanamid wapnia 
[156-62-7]",1,-,-,-,-
117,"2-Cyjanoakrylan etylu  
[7085-85-0]",1,2,–,-,-
118,"2-Cyjanoakrylan metylu 
[137-05-3]",2,4,-,-,-
119,"Cyjanowodór i cyjanki –  
-
w przeliczeniu na CN
 
 Cyjanowodór [74-90-8] 
 Cyjanek sodu [143-33-9] 
- frakcja wdychalna4) 
 Cyjanek potasu [151-50-8] 
- frakcja wdychalna4) 
 Cyjanek wapnia [592-01-8] 
- frakcja wdychalna4)",1,-,5,-,skóra
120,"Cyklofosfamid  
[50-18-0]","0,01",-,-,-,skóra
121,"Cykloheksan 
[110-82-7]",300,1000,-,-,skóra
122,"Cykloheksanol 
[108-93-0]",10,-,-,-,skóra
123,"Cykloheksanon 
[108-94-1]",40,80,-,-,skóra
124,"Cykloheksen 
[110-83-8]",300,900,-,-,-
125,"Cykloheksyloamina 
[108-91-8]",40,80,-,-,skóra
126,"Cyklopenta-1,3-dien  
[542-92-7]",200,-,-,-,-
127,"Cyna [7440-31-5] i jej związki 
nieorganiczne, z wyjątkiem stannanu -  
w przeliczeniu na Sn  
- frakcja wdychalna4)",2,-,-,-,-
128,"Cyrkon [7440-67-7] i jego związki -  
w przeliczeniu na Zr",5,10,-,-,-
129,"2,4-D - kwas (2,4-dichlorofenoksy) 
octowy 
[94-75-7]",7,-,-,-,-
130,"DDT - 1,1,1-trichloro-2,2-bis(4-
chlorofenylo)etan 
[50-29-3]","0,1","0,8",-,-,skóra
131,"Dekaboran(14)  
[17702-41-9]","0,3","0,9",-,-,skóra
132,"Dekasiarczek tetrafosforu  
[1314-80-3]",1,3,-,-,-
133,"Dekatlenek tetrafosforu 
[1314-56-3]",1,2,-,-,-
134,"Demeton – izomery: demeton-O, 
demeton-S 
[8065-48-3]","0,1",-,-,-,skóra
135,"Demeton-S metylowy -  
tiofosforan(V) S-(2-etylo-
sulfanylo)etylu-O,O-dimetylu  
[8022-00-2]","0,1","0,8",-,-,skóra
136,"Dezfluran 
[57041-67-5]",125,-,-,-,-
137,"Diazotan(V) glikolu etylenowego  
[628-96-6]","0,3","0,4",-,-,skóra
138,"Dibenzo[a,h]antracen 
[53-70-3]","0,004",-,-,-,-
139,"Dibenzo-1,4-tiazyna  
[92-84-2]",4,-,-,-,-
140,"Diboran(6) 
[19287-45-7]","0,1","0,2",-,-,-
141,"1,2-Dibromoetan 
[106-93-4]","0,01",-,-,-,skóra
142,"2-(Dibutyloamino)etanol 
[102-81-8]",14,-,-,-,skóra
143,"Dibromodifluorometan 
[75-61-6]",600,1200,-,-,-
144,"Dichlorek cynku  
– frakcja wdychalna4)
 
[7646-85-7]",1,2,-,-,-
145,"Dichlorek disiarki  
[10025-67-9]",5,15,-,-,-
146,"Dichlorfos - fosforan(V) 2,2-
dichlorowinylo-dimetylu (DDVP) 
[62-73-7]",1,3,-,-,skóra
147,"3,4-Dichloroanilina 
[95-76-1]","5,6",-,-,-,skóra
148,"1,2-Dichlorobenzen  
[95-50-1]",90,180,-,-,skóra
149,"1,4-Dichlorobenzen  
[106-46-7]",12,36,-,-,skóra
150,"Dichlorodifluorometan  
[75-71-8]",4000,6200,-,-,-
151,"1,1-Dichloroetan 
[75-34-3]",400,-,-,-,skóra
152,"1,2-Dichloroetan 
[107-06-2]",50,-,-,-,skóra
153,"1,1-Dichloroeten 
[75-35-4]",8,20,-,-,-
154,"1,2-Dichloroeten - izomery  
sym- [540-59-0],  
cis- [156-59-2],  
trans-[156-60-5]",700,-,-,-,-
155,"Dichlorofluorometan  
[75-43-4]",40,200,-,-,-
156,"Dichlorometan 
[75-09-2]",88,353,-,-,skóra
157,"2,2'-Dichloro-4,4'-metylenodianilina  
[101-14-4]","0,02",-,-,-,skóra
158,"1,1-Dichloro-1-nitroetan  
[594-72-9]",30,60,-,-,-
159,"1,2-Dichloropropan 
[78-87-5]",50,-,-,-,-
160,"1,2-Dichloro-1,1,2,2-tetrafluoroetan  
[76-14-2]",5000,8750,-,-,-
161,"(1,2-Dichlorowinylo)benzen  
[6607-45-0]",50,150,-,-,-
162,"10) - 
 Dieldryna
rel-(1R,4S,4aS,5R,6R,7S,8S,8aR)-
1,2,3,4,10,10-heksachloro-
1,4,4a,5,6,7,8,8a-oktahydro-6,7-
epoksy-1,4:5,8-dimetanonaftalen  
[60-57-1]","0,01","0,08",-,-,skóra
163,"Dietyloamina 
[109-89-7]",15,30,-,-,skóra
164,"2-(Dietyloamino)etanol 
[100-37-8]",13,26,-,-,skóra
165,"Dietylobenzen - mieszanina izomerów 
[25340-17-4]",100,400,-,-,skóra
166,"Difenyloamina  
4)
– frakcja wdychalna
 
[122-39-4]",8,-,-,-,-
167,"Diizocyjanian heksano-1,6-diylu 
[822-06-0]","0,04","0,08",-,-,skóra
168,"Diizocyjanian 2,2'-metylenodifenylu 
[2536-05-2]","0,03","0,09",-,-,-
169,"Diizocyjanian 2,4'-metylenodifenylu 
[5873-54-1]","0,03","0,09",-,-,-
170,"Diizocyjanian metylenodifenylu - 
mieszanina izomerów 
[26447-40-5]","0,03","0,09",-,-,-
171,"Diizocyjanian tolueno-2,4-diylu 
[584-84-9]","0,007","0,021",-,-,-
172,"Diizocyjanian tolueno-2,6-diylu 
[91-08-7]","0,007","0,021",-,-,-
173,"Diizocyjanian toluenodiylu - 
mieszanina izomerów 2,4- i 2,6- 
[26471-62-5]","0,007","0,021",-,-,-
174,"Dikwatu dibromek –  
dibromek 1,1'-etyleno-2,2'-
dipirydylowy – frakcja wdychalna4) 
[85-00-7]","0,1","0,3",-,-,skóra
175,"1,2-Dimetoksyetan 
[110-71-4]",10,-,-,-,skóra
176,"Dimetoat –  
ditiofosforan(V) S-metylo-
karbamoilometylu-O,O-dimetylu 
[60-51-5]","0,2","0,6",-,-,skóra
177,"3,3’-Dimetoksybenzydyna 
[119-90-4]","0,2",-,-,-,-
178,"Dimetoksymetan  
[109-87-5]",1000,3500,-,-,-
179,"N,N-Dimetyloacetamid 
[127-19-5]",35,70,-,-,skóra
180,"Dimetyloamina 
[124-40-3]",3,9,-,-,skóra
181,"Dimetyloanilina – mieszanina 
izomerów: 2,3-; 2,4-; 2,5-; 2,6-;  
3,4-; 3,5- 
[1300-73-8]",10,-,-,-,skóra
182,"N,N-Dimetyloanilina  
[121-69-7]",12,40,-,-,skóra
183,"N,N-Dimetyloformamid 
[68-12-2]",15,30,-,-,skóra
184,"2,6-Dimetyloheptan-4-on  
[108-83-8]",150,300,-,-,-
185,"1,1-Dimetylohydrazyna 
[57-14-7]","0,1",-,-,-,skóra
186,"3,7-Dimetylookta-2,6-dienal  
[5392-40-5]",27,54,–,-,-
187,"Dinitrobenzen - mieszanina izomerów  
[25154-54-5]",1,3,-,-,skóra
188,"Dinitrofenol - mieszanina izomerów  
[25550-58-7]","0,5",-,-,-,skóra
189,"Dinitrotoluen - mieszanina izomerów 
[25321-14-6]","0,33",-,-,-,skóra
190,"1,4-Dioksan 
[123-91-1]",50,-,-,-,-
191,"1,3-Dioksolan 
[646-06-0]",10,50,-,-,-
192,"Disiarczek dimetylu 
[624-92-0]","2,5",5,-,-,-
193,"Disiarczek węgla 
[75-15-0]","12,5",-,-,-,skóra
194,"Disulfid allilowo-propylowy 
[2179-59-1]",12,18,-,-,-
195,"Ditlenek azotu 
[10102-44-0]","0,7","1,5",-,-,-
196,"Ditlenek chloru 
[10049-04-4]","0,3","0,9",-,-,-
197,"Ditlenek siarki 
[7446-09-5]","1,3","2,7",-,-,-
198,"Ditlenek tytanu  
[13463-67-7]  
- frakcja wdychalna4), 7)",10,-,-,-,-
199,"Ditlenek węgla
[124-38-9]",9000,27000,-,,-
200,"Diwinylobenzen 
[1321-74-0]",50,-,-,-,-
201,"Endosulfan –  
(3-tlenek-6,7,8,9,10,10-heksachloro-
1,5,5a,6,9,9a-heksahydro-6,9-metano-
2,3,4-benzodioksatiepinu) 
[115-29-7]","0,1","0,3",-,-,skóra
202,"Endryna –  
rel-(1R,4S,4aS,5S,6S,7R,8R,8aR) 
1,2,3,4,10,10-heksachloro-
1,4,4a,5,6,7,8,8a-oktahydro-6,7-
epoksy-1,4:5,8-dimetanonaftalen  
[72-20-8]","0,01","0,08",-,-,skóra
203,"Epoksyetan 
[75-21-8]",1,-,-,-,skóra
204,"1,2-Epoksy-3-fenoksypropan  
[122-60-1]","0,6",3,-,-,skóra
205,"1,2-Epoksy-4-(epoksyetylo)cykloheksan 
[106-87-6]",60,-,-,-,skóra
206,"1,2-Epoksy-3-izopropoksypropan 
[4016-14-2]",240,360,-,-,-
207,"1,2-Epoksypropan  
[75-56-9]",9,-,-,-,-
208,"2,3-Epoksypropanol 
[556-52-5]",6,-,-,-,-
209,"3-(2,3-Epoksypropoksy)propen 
[106-92-3]",6,12,-,-,-
210,"Etanodinitryl 
[460-19-5]",8,20,-,-,-
211,"Etanol  
[64-17-5]",1900,-,-,-,-
212,"Etanotiol  
[75-08-1]",1,2,-,-,-
213,"Eter bis(2-chloroetylowy) 
[111-44-4]",10,30,-,-,skóra
214,"Eter bis(2,3-epoksypropylowy) 
[2238-07-5]","0,05",-,-,-,skóra
215,"Eter bis(2-metoksyetylowy)  
[111-96-6]",10,–,–,-,skóra
216,"Eter dietylowy 
[60-29-7]",300,600,-,-,-
217,"Eter difenylowy 
[101-84-8]",7,14,-,-,-
218,"Eter diizopropylowy 
[108-20-3]",1000,-,-,-,-
219,"Eter dimetylowy 
[115-10-6]",1000,-,-,-,-
220,"Eter oktabromodifenylowy – mieszanina 
izomerów: 2,2’,3,3’,4,4’,5’,6-; 
2,2’,3,3’,4,4’,6,6’-; 
2,2’,3,4,4’,5,5’,6-  
[446255-38-5; 117964-21-3; 337513-72-
1; 32536-52-0]  
– frakcja wdychalna4)","0,1",–,–,-,-
221,"Eter pentabromodifenylowy – pochodne 
pentabromowe eteru difenylowego – 
mieszanina izomerów  
[32534-81-9]","0,7",–,–,-,-
222,"Eter tert-butylometylowy 
[1634-04-4]",180,270,-,-,-
223,"Eter tert-butyloetylowy  
[637-92-3]",100,200,,-,-
224,"4'-Etoksyacetanilid  
– frakcja wdychalna4)
 
[62-44-2]",5,-,-,-,-
225,"2-Etoksyetanol  
[110-80-5]",8,-,-,-,skóra
226,"Etylenodiamina 
[107-15-3]",20,50,-,-,skóra
227,"1,3-Etylenotiomocznik 
[96-45-7]","0,1",-,-,-,-
228,"Etyloamina 
[75-04-7]","9,4",18,-,-,skóra
229,"Etylobenzen 
[100-41-4]",200,400,-,-,skóra
230,"2-Etyloheksan-1-ol 
[104-76-7]","5,4","10,8",-,-,-
231,"N-Etylomorfolina 
[100-74-3]",23,46,-,-,skóra
232,"Etylotoluen - mieszanina izomerów  
[25550-14-5]",100,-,-,-,-
233,"Fenitrotion - tiofosforan(V) O-3-
metylo-4-nitrofenylu-O,O-dimetylu 
[122-14-5]","0,02","0,1",-,-,-
234,"2-Fenoksyetanol 
[122-99-6]",230,-,-,-,-
235,"Fenol 
[108-95-2]","7,8",16,-,-,skóra
236,"Fention - tiofosforan(V) O-3-metylo-
4(metylosulfanylo) fenylu-O,O-dimetylu 
[55-38-9]","0,2",-,-,-,skóra
237,"1,4-Fenylenodiamina 
[106-50-3]","0,1",-,-,-,skóra
238,"Fenylohydrazyna 
[100-63-0]",20,-,-,-,skóra
239,"Fenylometanol 
[100-51-6]",240,-,-,-,-
240,"Fenylo(2-naftylo)amina 
[135-88-6]","0,02",-,-,-,-
241,"2-Fenylopropen 
[98-83-9]",240,480,-,-,-
242,"Fluor 
[7782-41-4]","0,05","0,4",-,-,-
243,"Fluorek boru 
[7637-07-2]",-,-,3,-,-
244,"-
 Fluorki - w przeliczeniu na F
 
[-]",2,-,-,-,-
245,"Fluorooctan sodu 
[62-74-8]","0,05","0,15",-,-,skóra
246,"Fluorowodór 
[7664-39-3]","0,5",2,-,-,-
247,"Fonofos –  
etyloditiofosfonian O-etylu-S-fenylu  
[944-22-9]","0,1",-,-,-,skóra
248,"Formaldehyd 
[50-00-0]","0,37","0,74",-,-,skóra
249,"Formamid 
[75-12-7]",23,-,-,-,skóra
250,"Fosfan 
[7803-51-2]","0,14","0,28",-,-,-
251,"Fosforan(V) tris(2-tolilu) 
[78-30-8]","0,1","0,3",-,-,-
252,"Fosgen 
[75-44-5]","0,08","0,16",-,-,-
253,"Ftalan benzylu butylu 
[85-68-7]",5,-,-,-,-
254,"Ftalan dibutylu  
4)
– frakcja wdychalna
 
[84-74-2]",5,-,-,-,-
255,"Ftalan dietylu  
4)
- frakcja wdychalna
 
[84-66-2]",3,-,-,-,-
256,"Ftalan dimetylu  
- frakcja wdychalna4)  
[131-11-3]",5,-,-,-,-
257,"Ftalan bis(2-etyloheksylu) 
[117-81-7]",1,5,-,-,-
258,"2-Furaldehyd 
[98-01-1]",10,25,-,-,skóra
259,"2-Furylometanol 
[98-00-0]",30,60,-,-,skóra
260,"Glicerol  
4)
- frakcja wdychalna
 
[56-81-5]",10,-,-,-,-
261,"Glifosat 
[1071-83-6]",10,-,-,-,-
262,"Glikol etylenowy 
[107-21-1]",15,50,-,-,skóra
263,"Glin metaliczny, glin proszek 
(niestabilizowany) [7429-90-5] 
- frakcja wdychalna4)
 
- frakcja respirabilna6)","2,5 
1,2","-
 
-","-
 
-",-,-
264,"Glutaraldehyd  
[111-30-8]","0,4","0,6",-,-,-
265,"Grafit 
a) grafit naturalny  
[7782-42-5] 
- frakcja wdychalna4)
 
- frakcja respirabilna6) 
b) grafit syntetyczny  
[7440-44-0] 
- frakcja wdychalna4)","4
    6
 
1","-
    -
 
-","-
    -
 
-",-,-
266,"Hafn [7440-58-6] i jego związki -  
w przeliczeniu na Hf","0,5",-,-,-,-
267,"Heksachlorobenzen  
4)
- frakcja wdychalna
 
[118-74-1]","0,003",-,-,-,skóra
268,"1,2,3,4,5,6-Heksachloro-cykloheksan 
(techniczny)11)
 
[608-73-1]","0,17",-,-,-,skóra
269,"Heksachlorocyklopentadien  
[77-47-4]","0,1",–,–,-,skóra
270,"Heksachloroetan 
[67-72-1]",10,30,-,-,skóra
271,"Heksafluorek siarki 
[2551-62-4]",6000,-,-,-,-
272,"Heksafluoropropen 
[116-15-4]",8,-,-,-,-
273,"Heksametylotriamid kwasu 
fosforowego(V) 
[680-31-9]","0,05",-,-,-,-
274,"Heksan  
[110-54-3]",72,-,-,-,skóra
275,"n-Heksanal 
[66-25-1]",40,80,-,-,-
276,"Heksanu izomery acykliczne nasycone, 
z wyjątkiem heksanu 
 2,2-Dimetylobutan  
[75-83-2] 
 2,3-Dimetylobutan  
[79-29-8] 
 3-Metylopentan  
[96-14-0] 
 2-Metylopentan  
[107-83-5]","400 
 
400 
 
400 
 
400","1200 
 
1200 
 
1200 
 
1200","-
    -
    -
    -",-,-
277,"Heksano-6-laktam - pary i frakcja 
wdychalna4) 
[105-60-2]",5,15,-,-,-
278,"Heksan-2-on  
[591-78-6]",10,-,-,-,skóra
279,"Heptan  
[142-82-5]",1200,2000,-,-,-
280,"Heptan-2-on 
[110-43-0]",238,475,-,-,skóra
281,"Heptan-3-on 
[106-35-4]",95,-,-,-,-
282,"Heptan-4-on 
[123-19-3]",230,-,-,-,-
283,"10·Hydrat heptaoksotetraboranu sodu  
- frakcja wdychalna4) 
[1303-96-4]","0,5",2,-,-,-
284,"Hydrazyna 
[302-01-2]","0,013","0,039",-,-,skóra
285,"Hydrochinon 
[123-31-9]",1,2,-,-,-
286,"4-Hydroksy-4-metylopentan-2-on 
[123-42-2]",240,-,-,-,-
287,"2,2'-Iminobis(etyloamina)  
[111-40-0]",4,12,-,-,skóra
288,"2,2'-Iminodietanol 
[111-42-2]",9,-,-,-,skóra
289,"Itr [7440-65-5] i jego związki -  
w przeliczeniu na Y",1,-,-,-,-
290,"Izobutyroaldehyd  
[78-84-2]",100,-,-,-,-
291,"Izocyjanian cykloheksylu 
[3173-53-3]","0,04",-,-,-,-
292,"Izocyjanian 3-izocyjanianometylo-
3,5,5-trimetylocykloheksylu  
[4098-71-9]","0,04",-,-,-,-
293,"Izocyjanian metylu 
[624-83-9]","0,03","0,047",-,-,skóra
294,"Izofluran 
[26675-46-7]",32,-,-,-,-
295,"Izooktan-1-ol - mieszanina izomerów  
[26952-21-6]",220,440,-,-,skóra
296,"Izopentan  
[78-78-4]",3000,-,-,-,-
297,"Izopren 
[78-79-5]",100,300,-,-,-
298,"2-Izopropoksyetanol 
[109-59-1]",20,-,-,-,skóra
299,"Izopropyloamina 
[75-31-0]",12,24,-,-,-
300,"2-Izopropylo-4,6-dinitrofenol 
[118-95-6]","0,05","0,15",-,-,skóra
301,"Jod 
[7553-56-2]","0,5",1,-,-,-
302,"Jodometan 
[74-88-4]",7,20,-,-,skóra
303,"Kadm [7440-43-9] i jego związki 
nieorganiczne – w przeliczeniu na Cd: 
- frakcja wdychalna4)
 
- frakcja respirabilna6)","0,01 
0,002","– 
–","– 
–",-,-
304,"Kamfora syntetyczna - bornan-2-on  
[76-22-2]",12,18,-,-,-
305,"Kaolin  
[1332-58-7] 
- frakcja wdychalna4), 7)",10,-,-,-,-
306,"Kaptan –  
N-(trichlorometylosulfanylo) 
cykloheks-4-eno-1,2-dikarboksy-imid  
[133-06-2]",5,-,-,-,-
307,"Karbaminian etylu (uretan)  
[51-79-6]","0,001",-,-,-,skóra
308,"Karbaryl -  
metylokarbaminian 1-naftylu 
[63-25-22]",1,8,-,-,
309,"Karbendazym –  
1H-benzimidazol-2-ilokarbamian metylu  
[10605-21-7]",10,-,-,-,
310,"Karbofuran –  
metylokarbaminian 2,2-dimetylo-2,3-
dihydrobenzo[b]furan-7-ylu 
[1563-66-2]","0,1",-,-,-,skóra
311,"Keten  
[463-51-4]","0,5","1,5",-,-,
312,"Kobalt [7440-48-4] i jego związki 
nieorganiczne −− w przeliczeniu na Co","0,02",–,–,-,
313,"Krezol - mieszanina izomerów 
[95-48-7; 108-39-4; 106-44-5;  
1319-77-3]",22,-,-,-,skóra
314,"Krzemionka bezpostaciowa  
i syntetyczna 
a) ziemia okrzemkowa (diatomit) 
niekalcynowana 
[61790 53-2] 
- frakcja wdychalna4)  
- frakcja respirabilna6)  
b) ziemia okrzemkowa (diatomit) 
kalcynowana12) 
[68855 54-9] 
- frakcja wdychalna4) 
- frakcja respirabilna6) 
c) krzemionka bezpostaciowa 
syntetyczna (strącona i żel)  
[112926-00-8] 
- frakcja wdychalna4)  
- frakcja respirabilna6)  
d) krzemionka stopiona (szkło 
kwarcowe) [60676-86-0] 
- frakcja wdychalna4)
  
- frakcja respirabilna6)","2
    2
         
     
10 
2 
 
1 
10 
2 
 
1","-
      -
      -
    -
 
- 
 
- 
 
- 
 
-","-
      -
      -
    -
 
- 
 
- 
 
- 
 
-",-,-
315,"Krzemionka krystaliczna – 
kwarc [14808-60-7];  
krystobalit [14464-46-1] 
- frakcja respirabilna6)","0,1",-,-,-,-
316,"Ksylen - mieszanina izomerów: 
1,2-; 1,3-; 1,4- 
[95-47-6,108-38-3,106-42-3, 1330-20-7]",100,200,-,-,skóra
317,"Kumen  
[98-82-8]",50,250,-,-,skóra
318,"Kwas adypinowy  
4)
- frakcja wdychalna
 
[124-04-9]",5,10,-,-,-
319,"Kwas akrylowy 
[79-10-7]",10,"29,5",-,-,skóra
320,"Kwas azotowy(V) 
[7697-37-2]","1,4","2,6",-,-,-
321,"Kwas chlorooctowy 
[79-11-8]",2,4,-,-,-
322,"Kwas chlorowy(VII)  
[7601-90-3]",1,3,-,-,-
323,"Kwas 2,2-dichloropropionowy  
i jego sól sodowa 
[75-99-0]",6,12,-,-,-
324,"Kwas fosforowy(V) 
[7664-38-2]",1,2,-,-,-
325,"Kwas mrówkowy 
[64-18-6]",5,15,-,-,-
326,"Kwas nadoctowy  
[79-21-0]","0,8","1,6",-,-,-
327,"Kwas octowy 
[64-19-7]",25,50,-,-,-
328,"Kwas pikrynowy 
[88-89-1]","0,1",-,-,-,skóra
329,"Kwas propionowy 
[79-09-4]",30,45,-,-,-
330,"Kwas siarkowy(VI)  
– frakcja torakalna13) 
[7664-93-9]","0,05",–,–,-,-
331,"Kwas szczawiowy 
[144-62-7]",1,2,-,-,-
332,"Kwas 2-tioglikolowy 
[68-11-1]",4,8,-,-,skóra
333,"Kwas trichlorooctowy  
[76-03-9]",2,4,–,-,-
334,"Malation –  
ditiofosforan(V) S-1,2-
bis(etoksykarbonylo)etylu-O,O-dimetylu 
[121-75-5]",1,10,-,-,skóra
335,"Mangan [7439-96-5] i jego związki 
nieorganiczne – w przeliczeniu na Mn 
- frakcja wdychalna4)
 
- frakcja respirabilna6)","0,2 
0,05","- 
-","- 
-",-,-
336,"MCPA - kwas (4-chloro-2-
metylofenoksy)octowy  
[94-74-6]",1,5,-,-,skóra
337,"Metakrylan butylu 
[97-88-1]",100,300,-,-,-
338,"Metakrylan metylu 
[80-62-6]",100,300,-,-,-
339,"Metanol  
[67-56-1]",100,300,-,-,skóra
340,"Metanotiol  
[74-93-1]",1,2,-,-,-
341,"2-Metoksyanilina 
[90-04-0]","0,5",1,-,-,skóra
342,"4-Metoksyanilina 
[104-94-9]","0,5",1,-,-,skóra
343,"Metoksychlor  
- frakcja wdychalna4)
 
[72-43-5]",10,-,-,-,-
344,"2-Metoksyetanol  
[109-86-4]",3,-,-,-,skóra
345,"2-(2-Metoksyetoksy)etanol 
[111-77-3]",50,-,-,-,skóra
346,"4-Metoksyfenol 
[150-76-5]",5,-,-,-,skóra
347,"(2-Metoksymetyloetoksy)propanol – 
mieszanina izomerów:  
1-(2-metoksy-1-metyloetoksy)- 
propan-2-ol, 1-(2-metoksy-2-
metyloetoksy)propan-2-ol,  
2-(2-metoksy-1-metyloetoksy)- 
propan-1-ol 
[34590-94-8]",240,480,-,-,skóra
348,"1-Metoksypropan-2-ol 
[107-98-2]",180,360,-,-,skóra
349,"Metotreksat – 
kwas (S)-2-(4-{[(2,4-diamino- 
pterydyn-6-ylo)metylo] 
metyloamino}benzamido)-pentanodiowy  
– frakcja wdychalna4) 
[59-05-2]","0,001",-,-,-,skóra
350,"Metylenobis(fenyloizocyjanian) 
[101-68-8]","0,03","0,09",-,,-
351,"Metyloamina 
[74-89-5]",5,15,-,-,-
352,"4,4'-Metylenodianilina 
[101-77-9]","0,08",-,-,-,skóra
353,"N-Metyloanilina 
[100-61-8]",2,4,-,-,skóra
354,"2-Metyloazirydyna  
[75-55-8]","4,7",-,-,-,skóra
355,"3-Metylobutan-1-ol 
[123-51-3]",200,400,-,-,-
356,"Metylocykloheksan 
[108-87-2]",1600,3000,-,-,-
357,"Metylocykloheksanol - mieszanina 
izomerów  
[25639-42-3]",70,-,-,-,-
358,"2-Metylocykloheksanon 
[583-60-8]",50,340,-,-,skóra
359,"2-Metylo-4,6-dinitrofenol  
[534-52-1]","0,05","0,4",-,-,skóra
360,"5-Metyloheksan-2-on 
[110-12-3]",95,-,-,-,-
361,"5-Metyloheptan-3-on 
[541-85-5]",50,100,-,-,-
362,"Metylohydrazyna 
[60-34-4]","0,02","0,1",-,-,skóra
363,"N-Metylomorfolina 
[109-02-4]",15,30,-,-,-
364,"1-Metylonaftalen 
[90-12-0]",30,-,-,-,-
365,"2-Metylonaftalen 
[91-57-6]",25,50,-,-,skóra
366,"2-Metylopentano-2,4-diol – pary  
i frakcja wdychalna4) 
[107-41-5]",50,100,-,-,-
367,"4-Metylopentan-2-ol 
[108-11-2]",100,160,-,-,skóra
368,"4-Metylopentan-2-on  
[108-10-1]",83,200,-,-,-
369,"4-Metylopent-3-en-2-on 
[141-79-7]",20,40,-,-,-
370,"1-Metylo-2-pirolidon 
[872-50-4]",40,80,-,-,skóra
371,"2-Metylopropan-1-ol  
[78-83-1]",100,200,-,-,skóra
372,"2-Metylopropan-2-ol  
[75-65-0]",300,450,-,-,-
373,"Miedź [7440-50-8] i jej związki 
nieorganiczne - w przeliczeniu na Cu","0,2",-,-,-,-
374,"Molibden [7439-98-7] i jego związki - 
w przeliczeniu na Mo",4,10,-,-,-
375,"Morfolina 
[110-91-8]",36,72,-,-,skóra
376,"Mrówczan etylu 
[109-94-4]",250,500,-,-,-
377,"Mrówczan metylu 
[107-31-3]",100,200,-,-,skóra
378,"Nadtlenek dibenzoilowy  
[94-36-0]",5,10,-,-,-
379,"Nadtlenek wodoru 
[7722-84-1]","0,4","0,8",-,-,-
380,"Nafta 
[8008-20-6]",100,300,-,-,-
381,"Naftalen 
[91-20-3]",20,50,-,-,skóra
382,"Naftalenu pochodne chlorowane 
[-]","0,5","1,5",-,-,-
383,"1-Naftyloamina  
[134-32-7]",0,0,-,-,-
384,"2-Naftyloamina  
[91-59-8]",0,0,-,-,-
385,"Neopentan  
[463-82-1]",3000,-,-,-,-
386,"Nikiel [7440-02-0] i jego związki,  
z wyjątkiem tetrakarbonylku niklu -  
w przeliczeniu na Ni","0,25",-,-,-,-
387,"Nikotyna 
[54-11-5]","0,5",-,-,-,skóra
388,"2-Nitroanilina  
[88-74-4]",3,10,-,-,skóra
389,"3-Nitroanilina  
[99-09-2]",3,10,-,-,skóra
390,"4-Nitroanilina  
[100-01-6]",3,10,-,-,skóra
391,"Nitrobenzen 
[98-95-3]",1,-,-,-,skóra
392,"Nitroetan 
[79-24-3]",62,186,-,-,skóra
393,"Nitrometan 
[75-52-5]",30,240,-,-,-
394,"2-Nitropropan 
[79-46-9]",18,-,-,-,skóra
395,"Nitrotoluen - mieszanina izomerów 
[1321-12-6]",11,-,-,-,skóra
396,"2-Nitrotoluen 
[88-72-2]",11,-,-,-,skóra
397,"3-Nitrotoluen 
[99-08-1]",11,-,-,-,skóra
398,"4-Nitrotoluen
[99-99-0]",11,-,-,-,skóra
399,"Octan 2-butoksyetylu 
[112-07-2]",100,300,-,-,skóra
400,"Octan n-butylu  
[123-86-4]",240,720,-,-,-
401,"Octan sec-butylu 
[105-46-4]",240,720,-,-,-
402,"Octan tert-butylu 
[540-88-5]",900,900,-,-,-
403,"Octan 1,3-dimetylobutylu 
[108-84-9]",300,-,-,-,-
404,"Octan 2-etoksyetylu 
[111-15-9]",11,-,-,-,skóra
405,"Octan etylu 
[141-78-6]",734,1468,-,-,-
406,"Octan izobutylu 
[110-19-0]",240,720,-,-,-
407,"Octan izopentylu 
[123-92-2]",250,500,-,-,-
408,"Octan izopropylu 
[108-21-4]",600,1000,-,-,-
409,"Octan 2-metoksyetylu   
[110-49-6]",5,-,-,-,skóra
410,"Octan 2-metoksy-1-metyloetylu 
[108-65-6]",260,520,-,-,skóra
411,"Octan 2-metoksypropylu 
[70657-70-4]",100,200,-,-,-
412,"Octan metylu 
[79-20-9]",250,600,-,-,-
413,"Octan pentan-2-ylu 
[626-38-0]",250,500,-,-,-
414,"Octan pentan-3-ylu 
[620-11-1]",250,500,-,-,-
415,"Octan pentylu  
[628-63-7]",250,500,-,-,-
416,"Octan tert-pentylu 
[625-16-1]",250,500,-,-,-
417,"Octan propylu 
[109-60-4]",200,400,-,-,-
418,"Octan winylu 
[108-05-4]",10,30,-,-,-
419,"14) 
 Ogniotrwałe włókna ceramiczne
[-] 
14) 
 Ogniotrwałe włókna ceramiczne
w mieszaninie z innymi sztucznymi 
włóknami mineralnymi [-]","-
  -","-
  -","-
  -","0,3 
 
 
0,3","-
  –"
420,"2,2'-Oksydietanol  
– frakcja wdychalna4)
 
[111-46-6]",10,-,-,-,-
421,"Oktan  
[111-65-9]",1000,1800,-,-,-
422,"Oleje mineralne wysokorafinowane  
15)  
z wyłączeniem   cieczy obróbkowych
- frakcja wdychalna4)  
[-] 
 Oleje mineralne użyte wcześniej  
w silnikach spalinowych wewnętrznego 
spalania w celu smarowania lub 
schładzania części ruchomych silnika 
[-]","5
            -","-
            -","-
            -","-
            -","-
           
skóra"
423,"Ołów [7439-92-1] i jego związki 
nieorganiczne, z wyjątkiem 
arsenianu(V) ołowiu(II) oraz 
chromianu(VI) ołowiu(II) –  
w przeliczeniu na Pb  
- frakcja wdychalna4)","0,05",-,-,-,-
424,"Ortokrzemian tetraetylu 
[78-10-4]",44,-,-,-,-
425,"Ozon 
[10028-15-6]","0,15",-,-,-,-
426,"Parafina stała  
– frakcja wdychalna4)
 
[8002-74-2]",2,-,-,-,-
427,"Paration metylowy - tiofosforan(V) 
O,O-dimetylo-O-4-nitrofenylu 
(metyloparation) 
[298-00-0]","0,1","0,6",-,-,skóra
428,"Pentachlorek fosforu 
[10026-13-8]","0,7","1,4",-,-,-
429,"Pentachlorofenol 
[87-86-5]","0,5","1,5",-,-,skóra
430,"Pentafluorek bromu 
[7789-30-2]","0,5",1,-,-,-
431,"Pentan 
[109-66-0]",3000,-,-,-,-
432,"16)  
 Pentan-1-ol
[71-41-0]",100,450,-,-,-
433,"Pentan-2-on  
[107-87-9]",100,800,-,-,-
434,"Pentanal 
[110-62-3]",118,300,-,-,-
435,"Pentatlenek wanadu  
4)
– frakcja wdychalna
 
[1314-62-1]","0,05",–,–,-,-
436,"Peroksoboran(III) sodu i jego hydraty  
4)
– frakcja wdychalna
 
[11138-47-9; 15120-21-5; 10332-33-9; 
10486-00-7;  
13517-20-9; 7632-04-4]",4,8,–,-,-
437,"Peroksodisiarczan(VI) potasu  
– frakcja wdychalna4)  
[7727-21-1]","0,1",-,-,-,-
438,"Piperazyna 
[110-85-0]","0,1","0,3",-,-,-
439,"2-Pirydyloamina  
[504-29-0]",2,-,-,-,skóra
440,"Pirydyna 
[110-86-1]",5,-,-,-,skóra
441,"Platyna metaliczna 
[7440-06-4]",1,-,-,-,-
442,"Polichlorowane bifenyle  
[1336-36-3]",1,-,-,-,skóra
443,"Propan 
[74-98-6]",1800,-,-,-,-
444,"Propano-1,2-diol – pary i frakcja 
wdychalna4)  
[57-55-6]",100,-,-,-,-
445,"Propano-1,3-sulton 
[1120-71-4]","0,007",-,-,-,skóra
446,"Propan-1-ol  
[71-23-8]",200,600,-,-,skóra
447,"Propan-2-ol  
[67-63-0]",900,1200,-,-,skóra
448,"Propano-3-lakton  
[57-57-8]",1,-,-,-,skóra
449,"Propen 
[115-07-1]",2000,8600,-,-,-
450,"Prop-2-en-1-ol  
[107-18-6]",2,10,-,-,skóra
451,"Propoksur –  
metylokarbaminian 2-izopropo-ksyfenylu  
[114-26-1]","0,5",2,-,-,skóra
452,"Propyn  
[74-99-7]",1500,2000,-,-,-
453,"Prop-2-yn-1-ol 
[107-19-7]",3,-,-,-,skóra
454,"17)  
 Pyły drewna
[-] 
–frakcja wdychalna4)",3,-,-,-,-
455,"Pyły mąki  
[–] 
– frakcja wdychalna4)",2,-,-,-,-
456,"Pyły niesklasyfikowane  
ze względu na toksyczność  
[–] 
- frakcja wdychalna4),7)",10,-,-,-,-
457,"Pyły organiczne pochodzenia 
zwierzęcego  i roślinnego  
z wyjątkiem pyłów drewna oraz mąki  
[–] 
- frakcja wdychalna4) 
- frakcja respirabilna6)","4 
2","- 
-","- 
-",-,-
458,"Pyretryny 
[8003-34-7]",1,-,-,-,-
459,"Rezorcynol  
[108-46-3]",45,90,-,-,skóra
460,"Rtęć [7439-97-6], pary i jej związki 
nieorganiczne - w przeliczeniu na Hg","0,02",-,-,-,skóra
461,"Sadza techniczna  
[1333-86-4]  
- frakcja wdychalna4)",4,-,-,-,-
462,"Selan - w przeliczeniu na Se 
[7783-07-5]","0,05","0,1",-,-,-
463,"Selen [7782-49-2] i jego związki,  
z wyjątkiem selanu – w przeliczeniu na 
Se","0,1","0,3",-,-,-
464,"Sewofluran 
[28523-86-6]",55,-,-,-,-
465,"Siarczan(VI) dimetylu 
[77-78-1]","0,5",1,-,-,skóra
466,"Siarczan(VI) wapnia (gips)  
[7778-18-9] 
-frakcja wdychalna4),7)",10,-,-,-,-
467,"Siarkowodór 
[7783-06-4]",7,14,-,-,-
468,"Spaliny silnika Diesla  
- frakcja respirabilna6) 
[-]","0,5",-,-,-,-
469,"Srebro [7440-22-4] 
– frakcja wdychalna4)","0,05",-,-,-,-
470,"Srebra związki nierozpuszczalne -  
w przeliczeniu na Ag 
[-]","0,05",-,-,-,-
471,"Srebra związki rozpuszczalne -  
w przeliczeniu na Ag 
[-]","0,01",-,-,-,-
472,"Stiban  
[7803-52-3]","0,5","1,5",-,-,-
473,"Strychnina 
[57-24-9]","0,15",-,-,-,-
474,"Styren 
[100-42-5]",50,100,-,-,-
475,"Sulfotep –  
ditiopirofosforan O,O,O,O-tetraetylu  
[3689-24-5]","0,1",-,-,-,skóra
476,"Sztuczne włókna mineralne,  
z wyjątkiem ogniotrwałych włókien 
ceramicznych 
- włókna respirabilne8)
  
[–]",–,–,–,1,–
477,"Tal [7440-28-0] i jego związki -  
w przeliczeniu na TI","0,1","0,3",-,-,-
478,"Talk [14807-96-6] 
- frakcja wdychalna4)
 
- frakcja respirabilna6),18)","4
 
1","-
 
-","-
 
-",-,-
479,"Tantal 
[7440-25-7]",5,-,-,-,-
480,"Tellur [13494-80-9] i jego związki - 
w przeliczeniu na Te","0,01","0,03",-,-,-
481,"Terpentyna 
[8006-64-2]",112,300,-,-,-
482,"1,3,5,7-Tetraazaadamantan 
[100-97-0]",4,-,-,-,-
483,"1,1,2,2-Tetrabromoetan 
[79-27-6]",4,-,-,-,-
484,"Tetrachlorek węgla 
[56-23-5]","6,4",32,-,-,skóra
485,"1,1,2,2-Tetrachloroetan 
[79-34-5]",5,35,-,-,skóra
486,"Tetrachloroeten  
 [127-18-4]",85,170,-,-,skóra
487,"Tetraetyloplumban  
[78-00-2]","0,05","0,1",-,-,skóra
488,"Tetrafluorek siarki 
[7783-60-0]","0,5",1,-,-,-
489,"Tetrafosfor – fosfor biały, fosfor 
żółty 
[12185-10-3]","0,03","0,24",-,-,-
490,"Tetrahydrofuran 
[109-99-9]",150,300,-,-,skóra
491,"3a,4,7,7a-Tetrahydro-4,7-metanoinden 
[77-73-6]",10,-,-,-,-
492,"1,2,3,4-Tetrahydronaftalen  
[119-64-2]",100,300,-,-,-
493,"Tetrametylosukcynonitryl  
[3333-52-6]","2,6",–,–,-,skóra
494,"Tetranitrometan 
[509-14-8]","0,04",-,-,-,-
495,"Tetratlenek osmu - w przeliczeniu na 
Os 
[20816-12-0]","0,002","0,006",-,-,-
496,"4,4’-Tiobis(6-tert-butylo- 
4)
3-metylofenol) – frakcja wdychalna
  
[96-69-5]",10,–,–,-,-
497,"Tiuram –  
disulfid tetrametylotiuramu - frakcja 
wdychalna4)
 
[137-26-8]","0,5",-,-,-,-
498,"Tlenek azotu
[10102-43-9]","2,5",-,-,-,-
499,"Tlenek diazotu 
[10024-97-2]",90,-,-,-,-
500,"Tlenek cynku [1314-13-2] –  
w przeliczeniu na Zn – frakcja 
wdychalna4)",5,10,-,-,-
501,"Tlenek magnezu [1309-48-4] 
– frakcja wdychalna4)",10,–,–,-,-
502,"Tlenek wapnia  [1305-78-8] 
- frakcja wdychalna4)
 
- frakcja respirabilna6)","2
 
1","6
 
4","-
 
–",-,-
503,"Tlenek węgla 
[630-08-0]",23,117,-,-,-
504,"Tlenki żelaza – w przeliczeniu na Fe  
Tlenek żelaza(III)[1309-37-1] 
Tlenek żelaza(II)[1345-25-1] 
Tetratlenek triżelaza[1309-38-2;  
1317-61-9] 
- frakcja wdychalna4)
 
- frakcja respirabilna6)","5 
2,5","10 
5","- 
-",-,-
505,"2-Toliloamina 
[95-53-4]",3,-,-,-,skóra
506,"4-Toliloamina  
[106-49-0]",8,–,–,-,skóra
507,"Toluen 
[108-88-3]",100,200,-,-,skóra
508,"Tolueno-2,4-diamina  
[95-80-7]","0,04","0,1",-,-,-
509,"1,3,5-Triazinano-2,4,6-trion; 1,3,5-
triazyno-2,4,6-triol - frakcja 
wdychalna4)
 
[108-80-5]",10,-,-,-,-
510,"19)  
 Triazotan(V)-propano-1,2,3-triylu
[55-63-0]","0,095","0,19",-,-,skóra
511,"Tribromek boru 
[10294-33-4]",-,-,10,-,-
512,"Trichlorek fosforu 
[7719-12-2]",1,2,-,-,-
513,"Trichlorek fosforylu 
[10025-87-3]",1,2,-,-,-
514,"Trichlorfon –  
2,2,2-trichloro-1-hydroksy-
etylofosfonian dimetylu  
[52-68-6]","0,5",2,-,-,skóra
515,"Trichlorobenzen - mieszanina izomerów 
(1,2,3-,-1,2,4- i 1,3,5-)  
[87-61-6; 120-82-1; 108-70-3]",15,30,-,-,skóra
516,"1,1,1-Trichloroetan 
[71-55-6]",300,600,-,-,skóra
517,"1,1,2-Trichloroetan 
[79-00-5]",40,-,-,-,skóra
518,"Trichloroeten  
[79-01-6]",50,100,-,-,skóra
519,"Trichlorofluorometan  
[75-69-4]",-,-,5600,-,-
520,"Trichloronaftalen - mieszanina 
izomerów 
[1321-65-9]",5,-,-,-,skóra
521,"Trichloronitrometan  
[76-06-2]","0,5","1,5",-,-,-
522,"1,2,3-Trichloropropan 
[96-18-4]",7,-,-,-,skóra
523,"2,4,6-Trichloro-1,3,5-triazyna - pary 
i frakcja wdychalna4)  
[108-77-0]","0,05","0,1",-,-,-
524,"Trietyloamina 
[121-44-8]",3,9,-,-,skóra
525,"Trimetoksyfosfan 
[121-45-9]",5,10,-,-,skóra
526,"Trimetyloamina 
[75-50-3]",12,24,-,-,-
527,"Trimetylobenzen - mieszanina izomerów 
(1,2,3-, 1,2,4- i 1,3,5-)  
[526-73-8; 95-63-6; 108-67-8;  
25551-13-7]",100,170,-,-,skóra
528,"2,5,5-Trimetylocykloheks-2-en-1-on 
[78-59-1]",5,10,-,-,-
529,"2,4,6-Trinitrotoluen  
[118-96-7]",1,3,-,-,skóra
530,"1,3,5-Trinitro-1,3,5-triazinan  
[121-82-4]",1,3,-,-,-
531,"1,3,5-Trioksan 
[110-88-3]",15,75,-,-,-
532,"Tritlenek diboru [1303-86-2] 
– frakcja wdychalna4)",10,-,-,-,-
533,"Tritlenek glinu [1344-28-1]- 
w przeliczeniu na Al: 
- frakcja wdychalna4) 
- frakcja respirabilna6)","2,5 
1,2","-
 
-","-
 
-",-,-
534,"Tritlenek siarki 
[7446-11-9]",1,3,-,-,-
535,"Tytan [7440-32-6] i jego związki -  
w przeliczeniu na Ti",10,30,-,-,-
536,"Uran [7440-61-1] i jego związki -  
w przeliczeniu na U: 
 a) związki nierozpuszczalne 
 b) związki rozpuszczalne","0,075 
0,015","0,6 
0,12","- 
-",-,-
537,"Uwodornione terfenyle  
[61788-32-7]","12,5",48,–,-,-
538,"Węgiel (kamienny, brunatny):  
- frakcja wdychalna4)
 
- frakcja respirabilna6),7)","10 
2","-
 
-","-
 
-",-,-
539,"Węglan magnezu wapnia (dolomit)  
[16389-88-1] 
- frakcja wdychalna4),7)",10,-,-,-,-
540,"Węglan wapnia  
[471-34-1] 
- frakcja wdychalna4)",10,-,-,-,-
541,"Węglik krzemu, niewłóknisty  
[409-21-2] 
-frakcja wdychalna4),7)",10,-,-,-,-
542,"Wielopierścieniowe węglowodory 
aromatyczne (WWA) - jako suma 
iloczynów stężeń i współczynników 
20)  
rakotwórczości 9 rakotwórczych WWA
[-]","0,002",-,-,-,skóra
543,"4-Winylocykloheksen 
[100-40-3]",10,-,-,-,-
544,"Winylotoluen - mieszanina izomerów 
[25013-15-4]",100,300,-,-,-
545,"Wodorek litu  
[7580-67-8] 
– frakcja wdychalna4)","0,01","0,02",-,-,-
546,"Wodorotlenek glinu [21645-51-2]-  
w przeliczeniu na Al: 
 -frakcja wdychalna4)
 
 -frakcja respirabilna6)","2,5 
1,2","-
 
-","-
 
-",-,-
547,"Wodorotlenek potasu 
[1310-58-3]","0,5",1,-,-,-
548,"Wodorotlenek sodu 
[1310-73-2]","0,5",1,-,-,-
549,"Wodorotlenek wapnia  
[1305-62-0] 
 - frakcja wdychalna4)
 
 - frakcja respirabilna6)","2
 
1","6
  
 
4","-
 
-",-,-
550,"Wolfram [7440-33-7] 
- frakcja wdychalna4)",5,-,-,-,-
551,"Wolframu związki nierozpuszczalne -  
w przeliczeniu na W 
[-]",5,-,-,-,-
552,"Wolframu związki rozpuszczalne -  
w przeliczeniu na W 
[-]",1,-,-,-,-
553,"Zieleń kwasowa V  
(1-[4-(dietyloamino) fenylo][4-
(dietyloimino)cykloheksa-2,5-dien-1-
ylideno]metylo-6-sulfonianonaftaleno-
3-sulfonian sodu) 
[12768-78-4]",10,-,-,-,-
554,"Związki chromu(VI) - w przeliczeniu 
na Cr(VI) 
[-]","0,01",-,-,-,-
555,"Związki tributylocyny(IV)  
[–]","0,02",–,–,-,skóra
556,"Żelazowanad  
– frakcja wdychalna4) 
[12604-58-9]",1,3,-,-,-